<?xml version="1.0"?>
<includes>
	<include name="leftMenuInitSlide">
		<animation effect="slide" start="-74" end="0" time="400">Visible</animation>
		<animation effect="slide" start="0" end="-74" time="400">Hidden</animation>
	</include>
	<include name="leftMenuSlide">
		<animation effect="slide" start="0" end="246" time="500" condition="ControlGroup(1300).HasFocus()">Conditional</animation>
		<animation effect="slide" start="0" end="-246" time="500" condition="ControlGroup(1300).HasFocus()">WindowClose</animation>
		<animation effect="slide" start="0" end="-246" time="500" condition="ControlGroup(1300).HasFocus() + Container.Content(secondary)">Conditional</animation>
	</include>
	<include name="leftMenuSlideHome">
		<animation effect="slide" start="0" end="317" time="500" condition="ControlGroup(1300).HasFocus()">Conditional</animation>
		<animation effect="slide" start="0" end="-317" time="500" condition="ControlGroup(1300).HasFocus()">WindowClose</animation>
		<animation effect="slide" start="0" end="-317" time="500" condition="ControlGroup(1300).HasFocus() + Container.Content(secondary)">Conditional</animation>
	</include>
	<include name="leftMenuClockSlideHome">
		<animation effect="slide" start="0" end="390" time="500" condition="ControlGroup(1300).HasFocus()">Conditional</animation>
		<animation effect="slide" start="0" end="-390" time="500" condition="ControlGroup(1300).HasFocus()">WindowClose</animation>
		<animation effect="slide" start="0" end="-390" time="500" condition="ControlGroup(1300).HasFocus() + Container.Content(secondary)">Conditional</animation>
	</include>
	<include name="rightSideSlide">
		<include>leftMenuSlide</include>
		<animation effect="fade" start="100" end="50" time="300" condition="ControlGroup(1300).HasFocus()">Conditional</animation>
	</include>
	<include name="leftMenuBg">
		<control type="group">
			<posy>0</posy>
			<!-- Background -->
			<control type="image">
				<posx>-253</posx>
				<height>720</height>
				<width>254</width>
				<include>Black</include>
				<animation type="Conditional" condition="true">
					<effect type="fade" start="0" end="75"/>
				</animation>
			</control>
			<control type="image">
				<posx>0</posx>
				<width>74</width>
				<height>720</height>
				<include>Black</include>
			</control>
			<control type="image">
				<posy>498</posy>
				<posx>74</posx>
				<width>16</width>
				<height>32</height>
				<aspectratio>scale</aspectratio>
				<texture>arrow-big.png</texture>
				<colordiffuse>FF000000</colordiffuse>
				<visible>!Control.IsVisible(41)</visible>
			</control>
			<control type="image">
				<posy>41</posy>
				<posx>25</posx>
				<width>24</width>
				<height>24</height>
				<aspectratio>keep</aspectratio>
				<texture>left-menu-filters-icon.png</texture>
				<colordiffuse>FF999999</colordiffuse>
				<visible>!Container.content(movie) + !Container.content(episode) + !Container.content(clip)</visible>
			</control>
			<control type="image">
				<posy>680</posy>
				<posx>30</posx>
				<width>12</width>
				<height>18</height>
				<aspectratio>scale</aspectratio>
				<texture flipx="true">left-menu-indicator-arrow.png</texture>
				<animation effect="rotate" end="-180" center="36,689" time="500" condition="ControlGroup(1300).HasFocus">Conditional</animation>
				<visible>!Container.content(movie) + !Container.content(episode) + !Container.content(clip)</visible>
			</control>
		</control>
	</include>
	<include name="leftMenuBgSettings">
		<control type="group">
			<posy>0</posy>
			<!-- Background -->
			<control type="image">
				<posx>-253</posx>
				<height>720</height>
				<width>254</width>
				<include>Black</include>
				<animation type="Conditional" condition="true">
					<effect type="fade" start="0" end="75"/>
				</animation>
			</control>
			<control type="image">
				<posx>0</posx>
				<width>74</width>
				<height>720</height>
				<include>Black</include>
			</control>
			<control type="image">
				<posy>498</posy>
				<posx>74</posx>
				<width>16</width>
				<height>32</height>
				<aspectratio>scale</aspectratio>
				<texture>arrow-big.png</texture>
				<colordiffuse>FF000000</colordiffuse>
			</control>
		</control>
	</include>
	<include name="leftMenuBgHome">
		<control type="group">
			<posy>0</posy>
			<!-- Background -->
			<control type="image">
				<posx>-324</posx>
				<height>720</height>
				<width>325</width>
				<include>Black</include>
				<animation type="Conditional" condition="true">
					<effect type="fade" start="0" end="75"/>
				</animation>
			</control>
			<control type="image">
				<posx>0</posx>
				<width>74</width>
				<height>720</height>
				<include>Black</include>
				<animation type="Conditional" condition="ControlGroup(1300).HasFocus()">
					<effect type="fade" start="0" time="300" end="75"/>
				</animation>
				<animation type="Conditional" condition="!ControlGroup(1300).HasFocus()">
					<effect type="fade" start="75" time="200" end="0"/>
				</animation>
			</control>
			<!--><control type="image">
				<posy>498</posy>
				<posx>74</posx>
				<width>16</width>
				<height>32</height>
				<aspectratio>scale</aspectratio>
				<texture>arrow-big.png</texture>
				<colordiffuse>FF000000</colordiffuse>
			</control>-->
			<control type="image">
				<posy>41</posy>
				<posx>25</posx>
				<width>24</width>
				<height>24</height>
				<aspectratio>keep</aspectratio>
				<texture>left-menu-filters-icon.png</texture>
				<colordiffuse>FF999999</colordiffuse>
				<visible>Container.content(movies) | Container.content(tvshows)</visible>
			</control>
			<control type="image">
				<posy>680</posy>
				<posx>30</posx>
				<width>12</width>
				<height>18</height>
				<aspectratio>scale</aspectratio>
				<texture flipx="true">left-menu-indicator-arrow.png</texture>
				<animation effect="rotate" end="-180" center="36,689" time="500" condition="ControlGroup(1300).HasFocus">Conditional</animation>
				<visible>!ControlGroup(5000).HasFocus</visible>
			</control>
		</control>
	</include>
	<include name="leftMenuTitle">
		<textoffsety>5</textoffsety>
		<textoffsetx>20</textoffsetx>
		<font>Condensed-26</font>
		<height>55</height>
		<textcolor>FFCCCCCC</textcolor>
		<shadowcolor>black</shadowcolor>
		<texturenofocus>-</texturenofocus>
		<animation effect="fade" start="100" end="100" time="0" condition="true">Conditional</animation>
		<align>right</align>
		<width>253</width>
	</include>
	<include name="leftMenuSpacing">
		<height>45</height>
	</include>
	<include name="leftMenuFormat">
		<width>250</width>
		<height>26</height>
		<align>right</align>
		<textoffsety>5</textoffsety>
		<textoffsetx>34</textoffsetx>
		<font>Condensed-17</font>
		<shadowcolor>ff222222</shadowcolor>
		<textcolor>FFCCCCCC</textcolor>
		<focusedcolor>orangeLight</focusedcolor>
		<texturefocus>-</texturefocus>
		<texturenofocus>-</texturenofocus>
		<scroll>true</scroll>
		<animation type="Conditional" condition="true">
			<effect type="fade" start="0" end="100"/>
		</animation>
	</include>
	<include name="leftSubMenuClearFilters">
		<width>220</width>
		<height>26</height>
		<align>left</align>
		<textoffsety>5</textoffsety>
		<textoffsetx>10</textoffsetx>
		<font>CondensedBold-17</font>
		<shadowcolor>ff222222</shadowcolor>
		<textcolor>white</textcolor>
		<focusedcolor>orangeLight</focusedcolor>
		<texturefocus>bg-b-clear-subfilters-s.png</texturefocus>
		<texturenofocus>-</texturenofocus>
		<animation type="Conditional" condition="true">
			<effect type="fade" start="0" end="100"/>
		</animation>
	</include>
	<include name="leftMenuClearFilters">
		<width>250</width>
		<height>26</height>
		<align>right</align>
		<textoffsety>5</textoffsety>
		<textoffsetx>0</textoffsetx>
		<font>CondensedBold-17</font>
		<shadowcolor>ff222222</shadowcolor>
		<textcolor>white</textcolor>
		<focusedcolor>orangeLight</focusedcolor>
		<texturefocus>bg-b-clear-filters-s.png</texturefocus>
		<texturenofocus>-</texturenofocus>
		<animation type="Conditional" condition="true">
			<effect type="fade" start="0" end="100"/>
		</animation>
	</include>
	<include name="leftMenuFormatPreplay">
		<width>230</width>
		<height>24</height>
		<align>right</align>
		<textoffsety>5</textoffsety>
		<textoffsetx>0</textoffsetx>
		<font>Condensed-26</font>
		<shadowcolor>ff222222</shadowcolor>
		<textcolor>FFCCCCCC</textcolor>
		<focusedcolor>orangeLight</focusedcolor>
		<texturefocus>-</texturefocus>
		<texturenofocus>-</texturenofocus>
		<animation type="Conditional" condition="true">
			<effect type="fade" start="0" end="100"/>
		</animation>
	</include>
	<include name="leftMenuFilterRadioButton">
		<description>default radio button</description>
		<textureradiofocus>left-menu-ticked-icon.png</textureradiofocus>
		<textureradionofocus>-</textureradionofocus>
		<align>right</align>
		<aligny>center</aligny>
		<pulseonselect>false</pulseonselect>
		<radioheight>14</radioheight>
		<radiowidth>20</radiowidth>
	</include>
	<include name="leftSubMenuRadioButton">
		<width>185</width>
		<height>26</height>
		<align>left</align>
		<aligny>center</aligny>
		<textoffsetx>10</textoffsetx>
		<font>Condensed-17</font>
		<shadowcolor>ff222222</shadowcolor>
		<textcolor>FFCCCCCC</textcolor>
		<focusedcolor>orangeLight</focusedcolor>
		<texturefocus border="5">black-bottom-grey.png</texturefocus>
		<texturenofocus border="5">-</texturenofocus>
		<radioposx>191</radioposx>
		<radioheight>26</radioheight>
	</include>
	<include name="leftMenuSortingButton">
		<description>sorting radio button</description>
		<textureorderascending>arrow-big-up-orange.png</textureorderascending>
		<textureorderdescending flipy="true">arrow-big-up-orange.png</textureorderdescending>
		<align>right</align>
		<aligny>center</aligny>
		<pulseonselect>false</pulseonselect>
		<radioheight>14</radioheight>
		<radiowidth>16</radiowidth>
		<radioposy>8</radioposy>
	</include>
	<!-- preplay buttons -->
	<include name="leftMenuPreplayIcon">
		<width>74</width>
		<height>30</height>
		<colordiffuse>FF999999</colordiffuse>
	</include>
	<include name="leftMenuPreplayButton">
		<width>74</width>
		<height>30</height>
		<onleft>1300</onleft>
		<onright>-</onright>
	</include>
	<!-- Home menu -->
	<include name="PivotMenuHome">
		<!-- Main Menu -->
		<control type="group" id="1400">
			<!-- list -->
			<control type="wraplist" id="1300">
				<description>Home Secondary Menu</description>
				<posx>0</posx>
				<posy>297</posy>
				<width>372</width>
				<height>320</height>
				<onup>1300</onup>
				<ondown>1300</ondown>
				<onleft>-</onleft>
				<onright>Dialog.Close(4998)</onright>
				<focusposition>2</focusposition>
				<scrolltime>200</scrolltime>
				<animation type="WindowOpen" condition="true" reversible="false">
					<effect type="rotatey" center="304" start="-90,455" end="0,455" time="300"/>
					<effect type="fade" start="0" end="100" time="50" delay="0"/>
				</animation>
				<animation type="WindowClose" condition="true" reversible="false">
					<effect type="rotatey" center="304" start="0,455" end="-90,455" time="300"/>
					<effect type="fade" start="100" end="0" time="230"/>
				</animation>
				<itemlayout width="600" height="50">
					<control type="label">
						<posx>372</posx>
						<posy>20</posy>
						<width>360</width>
						<height>0</height>
						<label>$INFO[ListItem.Title]</label>
						<info>ListItem.Label</info>
						<align>right</align>
						<aligny>center</aligny>
						<font>Condensed-28</font>
						<textcolor>white</textcolor>
						<shadowcolor>FF333333</shadowcolor>
					</control>
				</itemlayout>
				<focusedlayout width="600" height="120">
					<control type="label">
						<posx>363</posx>
						<posy>53</posy>
						<width>353</width>
						<height>0</height>
						<info>ListItem.Label</info>
						<align>right</align>
						<aligny>center</aligny>
						<font>CondensedBold-36</font>
						<textcolor>orange</textcolor>
						<shadowcolor>FF222222</shadowcolor>
					</control>
				</focusedlayout>
				<!-- additional menu items -->
				<content>
					<item id="12">
						<description>Channel Directory</description>
						<label> $LOCALIZE[31952]</label>
						<onclick>Dialog.Close(4998)</onclick>
						<onclick>Plex.ActivateWindow(1,plexserver://channeldirectory,return)</onclick>
						<visible>!Skin.HasSetting(HideAppStore)</visible>
						<textcolor>50FFFFFF</textcolor>
					</item>
					<item id="6">
						<description>Preferences</description>
						<label>$LOCALIZE[31955]</label>
						<onclick>Dialog.Close(4998)</onclick>
						<onclick>XBMC.ActivateWindow(appearancesettings)</onclick>
					</item>
					<item id="111">
						<description>Quit</description>
						<label>$LOCALIZE[31007]</label>
						<onclick>Dialog.Close(4998)</onclick>
						<onclick>Plex.Quit</onclick>
					</item>
					<item id="112">
						<description>Sleep</description>
						<label>$LOCALIZE[31960]</label>
						<onclick>Dialog.Close(4998)</onclick>
						<onclick>Plex.Suspend</onclick>
					</item>
					<item id="113">
						<description>Shut Down</description>
						<label>$LOCALIZE[31961]</label>
						<onclick>Dialog.Close(4998)</onclick>
						<onclick>Plex.Powerdown</onclick>
					</item>
				</content>
			</control>
		</control>
	</include>
	<!-- Library menu -->
	<include name="LeftSideMenu">
		<control type="group">
			<visible>[!Container.Content(movie) + !Container.Content(episode) + !Container.Content(episodes) + !Container.Content(seasons) + !Container.Content(songs) + !Container.Content(albums) + !Container.Content(channel)] | [Container.Content(Albums) + !IsEmpty(Container.Property(mixedParents))] | [!IsEmpty(Container.Property(primaryFilterActivated)) + !Container.Content(songs)] | Container.Content(empty)</visible>
			<include>leftMenuInitSlide</include>
			<include>leftMenuSlide</include>
			<include>leftMenuBg</include>
			<!-- global search-->
			<!--><include>GlobalSearch</include>-->
			<!-- filters & sorting menu -->
			<control type="group" id="1300">
				<animation type="Conditional" condition="!Window.IsActive(10202)" reversible="false">
					<effect type="rotatey" center="-120" start="80" end="0" time="300"/>
					<effect type="fade" start="0" end="100" time="0" delay="0"/>
				</animation>
				<animation type="Conditional" condition="Window.IsActive(10202)" reversible="false">
					<effect type="rotatey" center="-120" start="0" end="80" time="300"/>
					<effect type="fade" start="100" end="0" time="250"/>
				</animation>
				<posx>-253</posx>
				<posy>0</posy>
				<width>253</width>
				<height>730</height>
				<ondown>1300</ondown>
				<orientation>vertical</orientation>
				<scrolltime>150</scrolltime>
				<!-- FILTERS -->
				<!-- primary filter list title -->
				<control type="label" id="19008">
					<description>Title</description>
					<posy>22</posy>
					<posx>255</posx>
					<include>leftMenuTitle</include>
				</control>
				<!-- primary filters list -->
				<control type="grouplist" id="19000">
					<posy>77</posy>
					<posx>0</posx>
					<onup>19010</onup>
					<ondown>29999</ondown>
					<onright>777</onright>
					<itemgap>0</itemgap>
					<animation effect="slide" end="0,0" time="0" condition="Container.Content(movies)">Conditional</animation>
				</control>
				<!-- secondary filters list title -->
				<control type="label" id="19009">
					<description>Secondary Title</description>
					<posy>263</posy>
					<posx>255</posx>
					<include>leftMenuTitle</include>
					<label>FILTER</label>
					<animation effect="slide" end="0,-127" time="0" condition="Skin.String(SectionType,movies) | Container.Content(movies)">Conditional</animation>
					<animation effect="slide" end="0,-100" time="0" condition="Skin.String(SectionType,photos) | Window.IsVisible(2)">Conditional</animation>
					<animation effect="slide" end="0,-80" time="0" condition="Skin.String(SectionType,music) | Window.IsVisible(501)">Conditional</animation>
					<visible>!IsEmpty(Container.Property(HasAdvancedFilters))</visible>
				</control>
				<!-- secondary filters list -->
				<control type="grouplist" id="19001">
					<posy>318</posy>
					<posx>0</posx>
					<onup>19000</onup>
					<ondown>32000</ondown>
					<onright>777</onright>
					<itemgap>0</itemgap>
					<animation effect="slide" end="0,-127" time="0" condition="Skin.String(SectionType,movies) | Container.Content(movies)">Conditional</animation>
					<animation effect="slide" end="0,-100" time="0" condition="Skin.String(SectionType,photos) | Window.IsActive(2)">Conditional</animation>
					<animation effect="slide" end="0,-80" time="0" condition="Skin.String(SectionType,music) | Window.IsActive(501)">Conditional</animation>
				</control>
				<!-- filters buttons -->
				<control type="button" id="19005">
					<textoffsetx>35</textoffsetx>
					<onup>19000</onup>
					<ondown>19000</ondown>
					<onright>777</onright>
					<include>leftMenuClearFilters</include>
				</control>
				<control type="radiobutton" id="19006">
					<textoffsetx>35</textoffsetx>
					<include>leftMenuFormat</include>
					<include>leftMenuFilterRadioButton</include>
				</control>
				<control type="label" id="19007">
					<textoffsetx>40</textoffsetx>
					<include>leftMenuFormat</include>
					<font>Condensed-14</font>
					<shadowcolor>ff222222</shadowcolor>
					<textcolor>FFFFCCCC</textcolor>
				</control>
				<!-- SORTING -->
				<!-- sorting list title -->
				<control type="label" id="19019">
					<description>Title</description>
					<posy>502</posy>
					<posx>255</posx>
					<include>leftMenuTitle</include>
					<label>SORT</label>
					<animation effect="slide" end="0,-10" time="0" condition="Skin.String(SectionType,movies) | Container.Content(movies)">Conditional</animation>
					<animation effect="slide" end="0,-30" time="0" condition="Skin.String(SectionType,photos) | Window.IsActive(2)">Conditional</animation>
					<animation effect="slide" end="0,-160" time="0" condition="Skin.String(SectionType,music) | Window.IsActive(501)">Conditional</animation>
					<visible>!IsEmpty(Container.Property(HasAdvancedFilters))</visible>
				</control>
				<!-- sorting list -->
				<control type="grouplist" id="19010">
					<posy>556</posy>
					<posx>0</posx>
					<onup>19001</onup>
					<ondown>30000</ondown>
					<onright>777</onright>
					<itemgap>0</itemgap>
					<animation effect="slide" end="0,-10" time="0" condition="Skin.String(SectionType,movies) | Container.Content(movies)">Conditional</animation>
					<animation effect="slide" end="0,-30" time="0" condition="Skin.String(SectionType,photos) | Window.IsActive(2)">Conditional</animation>
					<animation effect="slide" end="0,-160" time="0" condition="Skin.String(SectionType,music) | Window.IsActive(501)">Conditional</animation>
				</control>
				<!-- sorting buttons -->
				<control type="filterorderbutton" id="19011">
					<textoffsetx>35</textoffsetx>
					<include>leftMenuFormat</include>
					<include>leftMenuSortingButton</include>
				</control>
			</control>
		</control>
	</include>
	<!-- Preplay menu -->
	<include name="LeftSideMenuPreplay">
		<control type="group">
			<visible>Container.Content(movie) | Container.Content(episode) | Container.Content(clip)</visible>
			<include>leftMenuInitSlide</include>
			<include>leftMenuSlide</include>
			<include>leftMenuBg</include>
			<!-- global search-->
			<!--><include>GlobalSearch</include>-->
			<!-- sidebar buttons -->
			<control type="grouplist" id="998">
				<posy>40</posy>
				<posx>0</posx>
				<width>74</width>
				<aligny>top</aligny>
				<orientation>vertical</orientation>
				<itemgap>20</itemgap>
				<!-- Play -->
				<control type="button" id="102">
					<texturefocus>b-pp-play-s.png</texturefocus>
					<texturenofocus>b-pp-play.png</texturenofocus>
					<onclick>Plex.PlayWith(VideoDefaultPlayer)</onclick>
					<onup>109</onup>
					<ondown>103</ondown>
					<include>leftMenuPreplayButton</include>
				</control>
				<!-- Audio -->
				<control type="button" id="103">
					<texturefocus>b-pp-audio-s2.png</texturefocus>
					<texturenofocus>b-pp-audio2.png</texturenofocus>
					<onclick>ActivateWindow(10205)</onclick>
					<onup>102</onup>
					<ondown>104</ondown>
					<include>leftMenuPreplayButton</include>
					<onfocus>Skin.SetString(DialogPos,audiostreampicker)</onfocus>
					<onunfocus>Skin.Reset(DialogPos)</onunfocus>
				</control>
				<!-- Subtitles -->
				<control type="button" id="104">
					<texturefocus>b-pp-subtitles-s.png</texturefocus>
					<texturenofocus>b-pp-subtitles.png</texturenofocus>
					<onclick>ActivateWindow(10204)</onclick>
					<onup>103</onup>
					<ondown>105</ondown>
					<include>leftMenuPreplayButton</include>
					<onfocus>Skin.SetString(DialogPos,subtitlestreampicker)</onfocus>
					<onunfocus>Skin.Reset(DialogPos)</onunfocus>
				</control>
				<!-- Rate -->
				<control type="button" id="105">
					<texturefocus>b-pp-rate-s.png</texturefocus>
					<texturenofocus>b-pp-rate.png</texturenofocus>
					<onclick>ActivateWindow(10200,$INFO[ListItem(0).Path])</onclick>
					<onup>104</onup>
					<ondown>106</ondown>
					<include>leftMenuPreplayButton</include>
					<onfocus>Skin.SetString(DialogPos,rate)</onfocus>
					<onunfocus>Skin.Reset(DialogPos)</onunfocus>
				</control>
				<!-- Recommend -->
				<!--><control type="button" id="106">
					<texturefocus>b-pp-recommend-s.png</texturefocus>
					<texturenofocus>b-pp-recommend.png</texturenofocus>
					<onup>105</onup>
					<ondown>107</ondown>
					<include>leftMenuPreplayButton</include>
					<visible>!IsEmpty(ListItem(0).Property(canRecommend))</visible>
					<onfocus>Skin.SetString(DialogPos,recommend)</onfocus>
					<onunfocus>Skin.Reset(DialogPos)</onunfocus>
				</control>-->
				<!-- Share -->
				<control type="button" id="107">
					<texturefocus>b-pp-share-s.png</texturefocus>
					<texturenofocus>b-pp-share.png</texturenofocus>
					<onup>106</onup>
					<ondown>108</ondown>
					<include>leftMenuPreplayButton</include>
					<visible>!IsEmpty(ListItem(0).Property(canShare))</visible>
					<onfocus>Skin.SetString(DialogPos,share)</onfocus>
					<onunfocus>Skin.Reset(DialogPos)</onunfocus>
				</control>
				<!-- Watched -->
				<control type="button" id="108">
					<texturefocus>b-pp-watched-s.png</texturefocus>
					<texturenofocus>b-pp-watched.png</texturenofocus>
					<onup>107</onup>
					<ondown>109</ondown>
					<onclick>markasunwatched</onclick>
					<include>leftMenuPreplayButton</include>
				</control>
				<!-- Unwatched -->
				<control type="button" id="109">
					<texturefocus>b-pp-unwatched-s.png</texturefocus>
					<texturenofocus>b-pp-unwatched.png</texturenofocus>
					<onup>108</onup>
					<ondown>102</ondown>
					<onclick>markaswatched</onclick>
					<include>leftMenuPreplayButton</include>
				</control>
			</control>
			<!-- menu inside -->
			<control type="group" id="1300">
				<visible allowhiddenfocus="false">!Container.Content(secondary) + !Window.IsActive(10202) + !Container.Content(episode) + !Container.Content(movie) + !Container.Content(clip)</visible>
				<posx>-253</posx>
				<posy>30</posy>
				<width>253</width>
				<height>650</height>
				<ondown>19000</ondown>
				<orientation>vertical</orientation>
				<scrolltime>150</scrolltime>
				<!-- OPTIONS DEV EXAMPLES, TO DELETE WHEN THE REAL LIST WORKS -->
				<!-- options list title -->
				<control type="label">
					<description>Title</description>
					<posy>90</posy>
					<posx>253</posx>
					<include>leftMenuTitle</include>
					<label>Options</label>
				</control>
				<!-- options list -->
				<control type="grouplist">
					<posy>150</posy>
					<posx>15</posx>
					<ondown>1300</ondown>
					<onup>1300</onup>
					<onright>998</onright>
					<itemgap>0</itemgap>
					<control type="radiobutton" id="151">
						<textoffsetx>35</textoffsetx>
						<include>leftMenuFormat</include>
						<include>leftMenuFilterRadioButton</include>
						<label>Show all media flags</label>
						<onclick>Skin.ToggleSetting(ShowAllMediaFlags)</onclick>
						<selected>Skin.HasSetting(ShowAllMediaFlags)</selected>
					</control>
					<control type="button" id="152">
						<textoffsetx>35</textoffsetx>
						<include>leftMenuFormat</include>
						<label>Go Home</label>
						<onclick>ActivateWindow(Home)</onclick>
					</control>
					<control type="button" id="153">
						<textoffsetx>35</textoffsetx>
						<include>leftMenuFormat</include>
						<onclick>XBMC.Quit</onclick>
						<label>Quit Plex</label>
					</control>
					<control type="button" id="154">
						<textoffsetx>35</textoffsetx>
						<include>leftMenuFormat</include>
						<label>Sleep</label>
						<onclick>XBMC.Hibernate</onclick>
					</control>
					<!--><control type="button" id="155">
						<textoffsetx>35</textoffsetx>
						<include>leftMenuFormat</include>
						<label>Modify Art</label>
					</control>-->
				</control>
				<!-- END OPTIONS DEV EXAMPLES TO DELETE -->
				<!-- OPTIONS -->
				<!-- options list title -->
				<control type="label" id="19029">
					<description>Title</description>
					<posy>90</posy>
					<posx>253</posx>
					<include>leftMenuTitle</include>
					<!-- LABEL TO DELETE WHEN HARD WIRED -->
					<label>Options</label>
				</control>
				<!-- options list -->
				<control type="grouplist" id="19020">
					<posy>150</posy>
					<posx>15</posx>
					<ondown>19010</ondown>
					<onright>777</onright>
					<itemgap>0</itemgap>
				</control>
				<!-- options buttons -->
				<control type="button" id="19021">
					<textoffsetx>35</textoffsetx>
					<include>leftMenuFormat</include>
				</control>
				<control type="radiobutton" id="19022">
					<textoffsetx>35</textoffsetx>
					<include>leftMenuFormat</include>
					<include>leftMenuFilterRadioButton</include>
				</control>
				<!-- SORTING -->
				<!-- sorting list title -->
				<control type="label" id="19039">
					<description>Title</description>
					<posy>420</posy>
					<posx>253</posx>
					<include>leftMenuTitle</include>
				</control>
				<!-- sorting list -->
				<control type="grouplist" id="19030">
					<posy>485</posy>
					<posx>10</posx>
					<onup>19000</onup>
					<onright>777</onright>
					<itemgap>0</itemgap>
				</control>
				<!-- sorting buttons -->
				<control type="radiobutton" id="19031">
					<textoffsetx>30</textoffsetx>
					<include>leftMenuFormat</include>
					<include>leftMenuSortingButton</include>
				</control>
			</control>
		</control>
	</include>
	<!-- Settings menu -->
	<include name="LeftSideMenuSettings">
		<control type="group">
			<include>leftMenuInitSlide</include>
			<include>leftMenuBgSettings</include>
			<!-- page title -->
			<control type="group">
				<posx>100</posx>
				<posy>40</posy>
				<control type="group">
					<posy>13</posy>
					<posx>45</posx>
					<!-- menu label -->
					<control type="label">
						<width>1400</width>
						<height>0</height>
						<label>$LOCALIZE[31606] $INFO[Container(997).ListItem(0).Label]</label>
						<align>left</align>
						<aligny>center</aligny>
						<font>CondensedBold-36</font>
						<textcolor>orange</textcolor>
						<shadowcolor>ff111111</shadowcolor>
						<animation effect="fade" time="300" start="0" end="100">Focus</animation>
						<visible>Control.HasFocus(997)</visible>
					</control>
					<control type="label">
						<width>1400</width>
						<height>0</height>
						<label>$VAR[TopBarSelectedItemStrings]</label>
						<align>left</align>
						<aligny>center</aligny>
						<font>CondensedBold-36</font>
						<textcolor>white</textcolor>
						<shadowcolor>ff111111</shadowcolor>
						<animation effect="fade" time="300" start="0" end="30" condition="true">Conditional</animation>
						<visible>!Control.HasFocus(997)</visible>
					</control>
				</control>
			</control>
			<control type="list" id="997">
				<posx>0</posx>
				<posy>90</posy>
				<width>1000</width>
				<height>700</height>
				<onup>997</onup>
				<ondown>997</ondown>
				<onleft>-</onleft>
				<onright>302</onright>
				<focusposition>1</focusposition>
				<scrolltime>0</scrolltime>
				<orientation>vertical</orientation>
				<itemlayout width="1400" height="50">
					<control type="image">
						<posx>0</posx>
						<posy>18</posy>
						<aspectratio>keep</aspectratio>
						<info>ListItem.Art(thumb)</info>
						<include>leftMenuPreplayIcon</include>
					</control>
				</itemlayout>
				<focusedlayout width="1400" height="50">
					<control type="image">
						<posx>0</posx>
						<posy>18</posy>
						<info>ListItem.Art(thumb)</info>
						<include>leftMenuPreplayButton</include>
						<colordiffuse>orange</colordiffuse>
					</control>
				</focusedlayout>
				<content>
					<item id="1">
						<description>Playback Settings Button</description>
						<label>$LOCALIZE[31610]</label>
						<thumb>b-s-video.png</thumb>
						<onclick>XBMC.ReplaceWindow(17)</onclick>
					</item>
					<item id="2">
						<description>Appearance Settings Button</description>
						<label>$LOCALIZE[31601]</label>
						<thumb>b-s-photos.png</thumb>
						<onclick>XBMC.ReplaceWindow(19)</onclick>
					</item>
					<item id="5">
						<description>System Settings Button</description>
						<label>$LOCALIZE[31006]</label>
						<thumb>b-s-system.png</thumb>
						<onclick>XBMC.ReplaceWindow(16)</onclick>
					</item>
					<item id="5">
						<description>Network Button</description>
						<label>$LOCALIZE[31602]</label>
						<thumb>b-s-network.png</thumb>
						<onclick>XBMC.ReplaceWindow(18)</onclick>
					</item>
				</content>
			</control>
		</control>
	</include>
</includes>
